,mean_fit_time,std_fit_time,mean_score_time,std_score_time,param_activation,param_hidden_layer_sizes,param_learning_rate,param_learning_rate_init,param_max_iters,param_schedule,params,split0_test_score,split1_test_score,split2_test_score,split3_test_score,split4_test_score,mean_test_score,std_test_score,rank_test_score,split0_train_score,split1_train_score,split2_train_score,split3_train_score,split4_train_score,mean_train_score,std_train_score
0,1.0385977268218993,0.012069125962354316,0.000556039810180664,1.7335113048745694e-05,relu,"[5, 5, 5]",0.001,0.001,1000,1,"{'activation': <function relu at 0x107835b80>, 'hidden_layer_sizes': [5, 5, 5], 'learning_rate': 0.001, 'learning_rate_init': 0.001, 'max_iters': 1000, 'schedule': ArithDecay(init_temp=1, decay=0.0001, min_temp=0.001)}",0.5231268731268731,0.4854841916882084,0.48823051948051943,0.5156565656565657,0.5148534725010037,0.505470324490634,0.015493308662786445,1,0.5007880220646178,0.5099620848351812,0.5097699004975125,0.5019528334743022,0.5026364996260284,0.5050218680995284,0.0039995990194034185
1,1.0087297916412354,0.005869344705638801,0.000540924072265625,1.8493291761641113e-05,relu,"[5, 5, 5]",0.001,0.001,1000,100,"{'activation': <function relu at 0x107835b80>, 'hidden_layer_sizes': [5, 5, 5], 'learning_rate': 0.001, 'learning_rate_init': 0.001, 'max_iters': 1000, 'schedule': ArithDecay(init_temp=100, decay=0.0001, min_temp=0.001)}",0.5231268731268731,0.4854841916882084,0.48823051948051943,0.5156565656565657,0.5148534725010037,0.505470324490634,0.015493308662786445,1,0.5007880220646178,0.5099620848351812,0.5097699004975125,0.5019528334743022,0.5026364996260284,0.5050218680995284,0.0039995990194034185
2,1.0418625831604005,0.005896857589419259,0.0005466938018798828,2.1941764295140433e-05,relu,"[5, 5, 5]",0.001,0.001,1000,1000,"{'activation': <function relu at 0x107835b80>, 'hidden_layer_sizes': [5, 5, 5], 'learning_rate': 0.001, 'learning_rate_init': 0.001, 'max_iters': 1000, 'schedule': ArithDecay(init_temp=1000, decay=0.0001, min_temp=0.001)}",0.5231268731268731,0.4854841916882084,0.48823051948051943,0.5156565656565657,0.5148534725010037,0.505470324490634,0.015493308662786445,1,0.5007880220646178,0.5099620848351812,0.5097699004975125,0.5019528334743022,0.5026364996260284,0.5050218680995284,0.0039995990194034185
