,mean_fit_time,std_fit_time,mean_score_time,std_score_time,param_activation,param_hidden_layer_sizes,param_learning_rate,param_learning_rate_init,param_max_iters,param_schedule,params,split0_test_score,split1_test_score,split2_test_score,split3_test_score,split4_test_score,mean_test_score,std_test_score,rank_test_score,split0_train_score,split1_train_score,split2_train_score,split3_train_score,split4_train_score,mean_train_score,std_train_score
0,6.303359937667847,0.011423284278246862,0.0006333827972412109,7.080728350986519e-05,relu,"[5, 5, 5]",0.001,0.001,5000,1,"{'activation': <function relu at 0x107835b80>, 'hidden_layer_sizes': [5, 5, 5], 'learning_rate': 0.001, 'learning_rate_init': 0.001, 'max_iters': 5000, 'schedule': ArithDecay(init_temp=1, decay=0.0001, min_temp=0.001)}",0.5176323676323676,0.4808112944919467,0.4926948051948052,0.5156565656565657,0.5148534725010037,0.5043297010953378,0.014862670111128653,1,0.5019700551615445,0.5099620848351812,0.5097699004975125,0.5031904572366784,0.5014460234355522,0.5052677042332937,0.0037974114615644465
1,6.050829887390137,0.02666031438179304,0.0005300521850585937,1.659119243570499e-05,relu,"[5, 5, 5]",0.001,0.001,5000,100,"{'activation': <function relu at 0x107835b80>, 'hidden_layer_sizes': [5, 5, 5], 'learning_rate': 0.001, 'learning_rate_init': 0.001, 'max_iters': 5000, 'schedule': ArithDecay(init_temp=100, decay=0.0001, min_temp=0.001)}",0.5176323676323676,0.4808112944919467,0.4926948051948052,0.5156565656565657,0.5148534725010037,0.5043297010953378,0.014862670111128653,1,0.5019700551615445,0.5099620848351812,0.5097699004975125,0.5031904572366784,0.5014460234355522,0.5052677042332937,0.0037974114615644465
2,6.08748574256897,0.024200092157931667,0.0005978584289550781,2.3953462694023557e-05,relu,"[5, 5, 5]",0.001,0.001,5000,1000,"{'activation': <function relu at 0x107835b80>, 'hidden_layer_sizes': [5, 5, 5], 'learning_rate': 0.001, 'learning_rate_init': 0.001, 'max_iters': 5000, 'schedule': ArithDecay(init_temp=1000, decay=0.0001, min_temp=0.001)}",0.5176323676323676,0.4808112944919467,0.4926948051948052,0.5156565656565657,0.5148534725010037,0.5043297010953378,0.014862670111128653,1,0.5019700551615445,0.5099620848351812,0.5097699004975125,0.5031904572366784,0.5014460234355522,0.5052677042332937,0.0037974114615644465
