max_fitness,max_evals,iter,max_time,Population Size,Mutation Rate
532.3904293878462,151302.0,1001,3.9563326669999697,150,0.4
532.3904293878462,151302.0,1001,3.9563326669999697,150,0.5
532.3904293878462,151302.0,1001,3.9563326669999697,150,0.6
532.3904293878462,201402.0,1001,3.9563326669999697,200,0.4
532.3904293878462,201402.0,1001,3.9563326669999697,200,0.5
532.3904293878462,201402.0,1001,3.9563326669999697,200,0.6
532.3904293878462,301602.0,1001,3.9563326669999697,300,0.4
532.3904293878462,301602.0,1001,3.9563326669999697,300,0.5
532.3904293878462,301602.0,1001,3.9563326669999697,300,0.6
