max_fitness,max_evals,iter,max_time,Population Size,Mutation Rate
2674.1961002880785,206764.0,1368,10.36481320799976,150,0.4
2674.1961002880785,217715.0,1082,8.192953124999804,200,0.5
2674.1961002880785,250681.0,1246,9.43681579099939,200,0.4
2674.1961002880785,281339.0,1862,10.36481320799976,150,0.6
2674.1961002880785,309443.0,2048,10.36481320799976,150,0.5
2674.1961002880785,334894.0,1665,10.36481320799976,200,0.6
2674.1961002880785,344082.0,1142,8.646971165999275,300,0.4
2674.1961002880785,525568.0,1745,10.36481320799976,300,0.6
2674.1961002880785,541231.0,1797,10.36481320799976,300,0.5
