max_fitness,max_evals,iter,max_time,Population Size,Keep Percent
1447.8350269586483,77472.0,512,49.62067408299936,150,0.75
1506.348387262375,154418.0,512,49.62067408299936,300,0.25
1604.6685057203013,154420.0,512,49.62067408299936,300,0.5
1623.211232095905,103119.0,512,49.62067408299936,200,0.5
1640.5914772477722,76562.0,506,49.62067408299936,150,0.25
1662.0491528825755,103116.0,512,49.62067408299936,200,0.75
1714.6793555700067,101306.0,503,49.331886291000046,200,0.25
1717.9225172217873,76862.0,508,49.62067408299936,150,0.5
1718.529600739119,153513.0,509,49.62067408299936,300,0.75
