max_fitness,max_evals,iter,max_time,max_current_restart,Restarts,max_iters
948.4489741008576,14130.0,512,0.06273558300017612,25,25,512
948.4489741008576,41231.0,512,0.06273558300017612,75,75,512
948.4489741008576,54820.0,512,0.06273558300017612,100,100,512
