max_fitness,max_evals,iter,max_time,max_current_restart,Restarts,max_iters
618.4623924022237,39073.0,512,0.05182366600000421,75,75,512
618.4623924022237,51929.0,512,0.05182366600000421,100,100,512
591.4293232492768,13364.0,512,0.05182366600000421,25,25,512
